{
	"credit": "Made with Blockbench",
	"textures": {
		"0": "block/pointed_dripstone_up_frustum",
		"particle": "block/pointed_dripstone_up_frustum"
	},
	"elements": [
		{
			"from": [4, 15, 4],
			"to": [12, 16, 12],
			"rotation": {"angle": 0, "axis": "y", "origin": [7, 23, 17]},
			"faces": {
				"north": {"uv": [4, 13, 13, 11], "texture": "#0"},
				"east": {"uv": [4, 13, 13, 11], "texture": "#0"},
				"south": {"uv": [4, 13, 13, 11], "texture": "#0"},
				"west": {"uv": [4, 13, 13, 11], "texture": "#0"},
				"up": {"uv": [3, 16, 13, 6], "texture": "#0"},
				"down": {"uv": [3, 16, 13, 6], "texture": "#0"}
			}
		},
		{
			"from": [11, 14, 5],
			"to": [12, 15, 10],
			"rotation": {"angle": 0, "axis": "y", "origin": [7, 23, 16]},
			"faces": {
				"north": {"uv": [7, 15, 9, 13], "texture": "#0"},
				"east": {"uv": [5, 13, 10, 11], "texture": "#0"},
				"south": {"uv": [7, 15, 9, 13], "texture": "#0"},
				"west": {"uv": [2, 16, 14, 11], "texture": "#0"},
				"up": {"uv": [3, 16, 13, 6], "texture": "#0"},
				"down": {"uv": [8, 15, 10, 8], "texture": "#0"}
			}
		},
		{
			"from": [6, 14, 11],
			"to": [11, 15, 12],
			"rotation": {"angle": 0, "axis": "y", "origin": [8, 14.5, 8]},
			"faces": {
				"north": {"uv": [6, 16, 11, 14], "texture": "#0"},
				"east": {"uv": [7, 15, 9, 13], "texture": "#0"},
				"south": {"uv": [5, 13, 10, 11], "texture": "#0"},
				"west": {"uv": [7, 15, 9, 13], "texture": "#0"},
				"up": {"uv": [13, 6, 3, 16], "rotation": 270, "texture": "#0"},
				"down": {"uv": [10, 8, 8, 15], "rotation": 90, "texture": "#0"}
			}
		},
		{
			"from": [4, 14, 6],
			"to": [5, 15, 11],
			"rotation": {"angle": 0, "axis": "y", "origin": [9, 23, 17]},
			"faces": {
				"north": {"uv": [7, 15, 9, 13], "texture": "#0"},
				"east": {"uv": [2, 16, 14, 11], "texture": "#0"},
				"south": {"uv": [7, 15, 9, 13], "texture": "#0"},
				"west": {"uv": [5, 13, 10, 11], "texture": "#0"},
				"up": {"uv": [3, 16, 13, 6], "texture": "#0"},
				"down": {"uv": [8, 15, 10, 8], "texture": "#0"}
			}
		},
		{
			"from": [5, 14, 4],
			"to": [10, 15, 5],
			"rotation": {"angle": 0, "axis": "y", "origin": [8, 14.5, 8]},
			"faces": {
				"north": {"uv": [5, 13, 10, 11], "texture": "#0"},
				"east": {"uv": [7, 15, 9, 13], "texture": "#0"},
				"south": {"uv": [2, 16, 14, 11], "texture": "#0"},
				"west": {"uv": [7, 15, 9, 13], "texture": "#0"},
				"up": {"uv": [13, 6, 3, 16], "rotation": 270, "texture": "#0"},
				"down": {"uv": [10, 8, 8, 15], "rotation": 90, "texture": "#0"}
			}
		},
		{
			"from": [5, 11, 5],
			"to": [11, 15, 11],
			"rotation": {"angle": 0, "axis": "y", "origin": [7, 21, 17]},
			"faces": {
				"north": {"uv": [6, 16, 11, 11], "texture": "#0"},
				"east": {"uv": [2, 16, 14, 11], "texture": "#0"},
				"south": {"uv": [2, 16, 14, 11], "texture": "#0"},
				"west": {"uv": [2, 16, 14, 11], "texture": "#0"},
				"up": {"uv": [3, 16, 13, 6], "texture": "#0"},
				"down": {"uv": [3, 16, 13, 6], "texture": "#0"}
			}
		},
		{
			"from": [6, 8, 6],
			"to": [10, 11, 10],
			"rotation": {"angle": 0, "axis": "y", "origin": [7, 18, 17]},
			"faces": {
				"north": {"uv": [6, 16, 11, 11], "texture": "#0"},
				"east": {"uv": [2, 16, 14, 11], "texture": "#0"},
				"south": {"uv": [2, 16, 14, 11], "texture": "#0"},
				"west": {"uv": [2, 16, 14, 11], "texture": "#0"},
				"up": {"uv": [3, 16, 13, 6], "texture": "#0"},
				"down": {"uv": [3, 16, 13, 6], "texture": "#0"}
			}
		},
		{
			"from": [8, 5, 8],
			"to": [9, 7, 9],
			"rotation": {"angle": 0, "axis": "y", "origin": [7, 15, 17]},
			"faces": {
				"north": {"uv": [6, 14, 9, 10], "texture": "#0"},
				"east": {"uv": [6, 14, 9, 10], "texture": "#0"},
				"south": {"uv": [6, 14, 9, 10], "texture": "#0"},
				"west": {"uv": [6, 14, 9, 10], "texture": "#0"},
				"up": {"uv": [3, 16, 13, 6], "texture": "#0"},
				"down": {"uv": [7, 10, 10, 7], "texture": "#0"}
			}
		},
		{
			"from": [7, 6, 7],
			"to": [8, 7, 8],
			"rotation": {"angle": 0, "axis": "y", "origin": [6, 15, 16]},
			"faces": {
				"north": {"uv": [6, 14, 9, 12], "texture": "#0"},
				"east": {"uv": [6, 14, 9, 12], "texture": "#0"},
				"south": {"uv": [6, 14, 9, 12], "texture": "#0"},
				"west": {"uv": [5, 14, 8, 12], "texture": "#0"},
				"up": {"uv": [3, 16, 13, 6], "texture": "#0"},
				"down": {"uv": [7, 10, 10, 7], "texture": "#0"}
			}
		},
		{
			"from": [7, 7, 7],
			"to": [9, 8, 9],
			"rotation": {"angle": 0, "axis": "y", "origin": [7, 15, 16]},
			"faces": {
				"north": {"uv": [6, 15, 12, 13], "texture": "#0"},
				"east": {"uv": [6, 15, 12, 13], "texture": "#0"},
				"south": {"uv": [6, 15, 12, 13], "texture": "#0"},
				"west": {"uv": [6, 15, 12, 13], "texture": "#0"},
				"up": {"uv": [3, 16, 13, 6], "texture": "#0"},
				"down": {"uv": [6, 16, 11, 11], "texture": "#0"}
			}
		}
	]
}