{
	"credit": "Made with Blockbench",
	"textures": {
		"0": "block/pointed_dripstone_up_base",
		"particle": "block/pointed_dripstone_up_base"
	},
	"elements": [
		{
			"from": [0, 12, 0],
			"to": [16, 16, 16],
			"rotation": {"angle": 0, "axis": "x", "origin": [8, 3.71429, 8]},
			"faces": {
				"north": {"uv": [16, 16, 0, 12], "texture": "#0"},
				"east": {"uv": [16, 16, 0, 12], "texture": "#0"},
				"south": {"uv": [16, 16, 0, 12], "texture": "#0"},
				"west": {"uv": [16, 16, 0, 12], "texture": "#0"},
				"up": {"uv": [15, 16, 1, 2], "texture": "#0"},
				"down": {"uv": [15, 16, 1, 2], "texture": "#0"}
			}
		},
		{
			"from": [1, 2, 1],
			"to": [15, 12, 15],
			"rotation": {"angle": 0, "axis": "x", "origin": [8, 3.71429, 8]},
			"faces": {
				"north": {"uv": [15, 12, 1, 2], "texture": "#0"},
				"east": {"uv": [15, 12, 1, 2], "texture": "#0"},
				"south": {"uv": [15, 12, 1, 2], "texture": "#0"},
				"west": {"uv": [15, 12, 1, 2], "texture": "#0"},
				"up": {"uv": [15, 16, 1, 2], "texture": "#0"},
				"down": {"uv": [15, 16, 1, 2], "texture": "#0"}
			}
		},
		{
			"from": [2, 0, 2],
			"to": [14, 2, 14],
			"rotation": {"angle": 0, "axis": "x", "origin": [8, 3.71429, 8]},
			"faces": {
				"north": {"uv": [14, 2, 2, 0], "texture": "#0"},
				"east": {"uv": [14, 2, 2, 0], "texture": "#0"},
				"south": {"uv": [14, 2, 2, 0], "texture": "#0"},
				"west": {"uv": [14, 2, 2, 0], "texture": "#0"},
				"up": {"uv": [15, 14, 3, 2], "texture": "#0"},
				"down": {"uv": [15, 14, 3, 2], "texture": "#0"}
			}
		},
		{
			"from": [1, 0, 8],
			"to": [2, 2, 10],
			"rotation": {"angle": 0, "axis": "x", "origin": [8, 3.71429, 8]},
			"faces": {
				"north": {"uv": [9, 2, 8, 0], "texture": "#0"},
				"east": {"uv": [9, 6, 7, 4], "texture": "#0"},
				"south": {"uv": [6, 2, 5, 0], "texture": "#0"},
				"west": {"uv": [9, 6, 7, 4], "texture": "#0"},
				"up": {"uv": [8, 6, 7, 4], "texture": "#0"},
				"down": {"uv": [8, 6, 7, 4], "texture": "#0"}
			}
		},
		{
			"from": [14, 0, 6],
			"to": [15, 2, 8],
			"rotation": {"angle": 0, "axis": "y", "origin": [8, 3.71429, 8]},
			"faces": {
				"north": {"uv": [6, 2, 5, 0], "texture": "#0"},
				"east": {"uv": [9, 6, 7, 4], "texture": "#0"},
				"south": {"uv": [9, 2, 8, 0], "texture": "#0"},
				"west": {"uv": [9, 6, 7, 4], "texture": "#0"},
				"up": {"uv": [8, 6, 7, 4], "rotation": 180, "texture": "#0"},
				"down": {"uv": [8, 6, 7, 4], "rotation": 180, "texture": "#0"}
			}
		},
		{
			"from": [6, 0, 1],
			"to": [8, 2, 2],
			"rotation": {"angle": 0, "axis": "y", "origin": [8, 3.71429, 8]},
			"faces": {
				"north": {"uv": [9, 6, 7, 4], "texture": "#0"},
				"east": {"uv": [9, 2, 8, 0], "texture": "#0"},
				"south": {"uv": [9, 6, 7, 4], "texture": "#0"},
				"west": {"uv": [6, 2, 5, 0], "texture": "#0"},
				"up": {"uv": [8, 6, 7, 4], "rotation": 90, "texture": "#0"},
				"down": {"uv": [8, 6, 7, 4], "rotation": 270, "texture": "#0"}
			}
		},
		{
			"from": [8, 0, 14],
			"to": [10, 2, 15],
			"rotation": {"angle": 0, "axis": "y", "origin": [8, 3.71429, 8]},
			"faces": {
				"north": {"uv": [9, 6, 7, 4], "texture": "#0"},
				"east": {"uv": [6, 2, 5, 0], "texture": "#0"},
				"south": {"uv": [9, 6, 7, 4], "texture": "#0"},
				"west": {"uv": [9, 2, 8, 0], "texture": "#0"},
				"up": {"uv": [8, 6, 7, 4], "rotation": 270, "texture": "#0"},
				"down": {"uv": [8, 6, 7, 4], "rotation": 90, "texture": "#0"}
			}
		}
	]
}