{
	"credit": "Made with Blockbench",
	"textures": {
		"0": "block/pointed_dripstone_up_frustum",
		"1": "block/pointed_dripstone_down_middle",
		"particle": "block/pointed_dripstone_up_frustum"
	},
	"elements": [
		{
			"from": [2, 0, 2],
			"to": [14, 5, 14],
			"faces": {
				"north": {"uv": [2, 10, 14, 16], "texture": "#1"},
				"east": {"uv": [2, 10, 14, 16], "texture": "#1"},
				"south": {"uv": [2, 10, 14, 16], "texture": "#1"},
				"west": {"uv": [2, 10, 14, 16], "texture": "#1"},
				"up": {"uv": [3, 7, 12, 16], "texture": "#1"},
				"down": {"uv": [3, 7, 13, 16], "texture": "#1"}
			}
		},
		{
			"from": [14, 0, 8],
			"to": [14.5, 2.5, 10],
			"rotation": {"angle": 0, "axis": "y", "origin": [20.75, 1.25, 7]},
			"faces": {
				"north": {"uv": [8, 13, 9, 16], "texture": "#1"},
				"east": {"uv": [6, 13, 8, 16], "texture": "#1"},
				"south": {"uv": [5, 13, 6, 16], "texture": "#1"},
				"west": {"uv": [2, 10, 4, 13], "texture": "#1"},
				"up": {"uv": [3, 6, 5, 7], "rotation": 270, "texture": "#1"},
				"down": {"uv": [9, 6, 11, 7], "rotation": 270, "texture": "#1"}
			}
		},
		{
			"from": [6, 0, 14],
			"to": [8, 2.5, 14.5],
			"rotation": {"angle": 0, "axis": "y", "origin": [8, 1.25, 8]},
			"faces": {
				"north": {"uv": [2, 10, 4, 13], "texture": "#1"},
				"east": {"uv": [8, 13, 9, 16], "texture": "#1"},
				"south": {"uv": [6, 13, 8, 16], "texture": "#1"},
				"west": {"uv": [5, 13, 6, 16], "texture": "#1"},
				"up": {"uv": [3, 6, 5, 7], "texture": "#1"},
				"down": {"uv": [9, 6, 11, 7], "rotation": 180, "texture": "#1"}
			}
		},
		{
			"from": [1.5, 0, 6],
			"to": [2, 2.5, 8],
			"rotation": {"angle": 0, "axis": "y", "origin": [-8.75, 1.25, 9]},
			"faces": {
				"north": {"uv": [5, 13, 6, 16], "texture": "#1"},
				"east": {"uv": [2, 10, 4, 13], "texture": "#1"},
				"south": {"uv": [8, 13, 9, 16], "texture": "#1"},
				"west": {"uv": [6, 13, 8, 16], "texture": "#1"},
				"up": {"uv": [3, 6, 5, 7], "rotation": 90, "texture": "#1"},
				"down": {"uv": [9, 6, 11, 7], "rotation": 90, "texture": "#1"}
			}
		},
		{
			"from": [8, 0, 1.5],
			"to": [10, 2.5, 2],
			"rotation": {"angle": 0, "axis": "y", "origin": [8, 1.25, 8]},
			"faces": {
				"north": {"uv": [6, 13, 8, 16], "texture": "#1"},
				"east": {"uv": [5, 13, 6, 16], "texture": "#1"},
				"south": {"uv": [2, 10, 4, 13], "texture": "#1"},
				"west": {"uv": [8, 13, 9, 16], "texture": "#1"},
				"up": {"uv": [3, 6, 5, 7], "rotation": 180, "texture": "#1"},
				"down": {"uv": [9, 6, 11, 7], "texture": "#1"}
			}
		},
		{
			"from": [4, 5, 4],
			"to": [12, 16, 12],
			"rotation": {"angle": 0, "axis": "y", "origin": [8, 13, 8]},
			"faces": {
				"north": {"uv": [3, 8, 14, 16], "texture": "#0"},
				"east": {"uv": [3, 8, 14, 16], "texture": "#0"},
				"south": {"uv": [3, 8, 14, 16], "texture": "#0"},
				"west": {"uv": [3, 8, 14, 16], "texture": "#0"},
				"up": {"uv": [3, 7, 12, 16], "texture": "#0"},
				"down": {"uv": [0, 0, 8, 8], "texture": "#0"}
			}
		},
		{
			"from": [5, 5, 12],
			"to": [11, 8, 14],
			"rotation": {"angle": 0, "axis": "y", "origin": [7, 13, 8]},
			"faces": {
				"north": {"uv": [3, 12, 14, 16], "texture": "#0"},
				"east": {"uv": [11, 12, 14, 16], "texture": "#0"},
				"south": {"uv": [3, 12, 14, 16], "texture": "#0"},
				"west": {"uv": [11, 12, 14, 16], "texture": "#0"},
				"up": {"uv": [5, 11, 11, 13], "texture": "#0"},
				"down": {"uv": [0, 0, 6, 2], "texture": "#0"}
			}
		},
		{
			"from": [2, 5, 5],
			"to": [4, 8, 11],
			"rotation": {"angle": 0, "axis": "y", "origin": [8, 6.5, 8]},
			"faces": {
				"north": {"uv": [11, 12, 14, 16], "texture": "#0"},
				"east": {"uv": [3, 12, 14, 16], "texture": "#0"},
				"south": {"uv": [11, 12, 14, 16], "texture": "#0"},
				"west": {"uv": [3, 12, 14, 16], "texture": "#0"},
				"up": {"uv": [5, 11, 11, 13], "rotation": 90, "texture": "#0"},
				"down": {"uv": [0, 0, 6, 2], "rotation": 270, "texture": "#0"}
			}
		},
		{
			"from": [5, 5, 2],
			"to": [11, 8, 4],
			"rotation": {"angle": 0, "axis": "y", "origin": [7, 13, -2]},
			"faces": {
				"north": {"uv": [3, 12, 14, 16], "texture": "#0"},
				"east": {"uv": [11, 12, 14, 16], "texture": "#0"},
				"south": {"uv": [3, 12, 14, 16], "texture": "#0"},
				"west": {"uv": [11, 12, 14, 16], "texture": "#0"},
				"up": {"uv": [5, 11, 11, 13], "texture": "#0"},
				"down": {"uv": [0, 0, 6, 2], "texture": "#0"}
			}
		},
		{
			"from": [12, 5, 5],
			"to": [14, 8, 11],
			"rotation": {"angle": 0, "axis": "y", "origin": [8, 6.5, 8]},
			"faces": {
				"north": {"uv": [11, 12, 14, 16], "texture": "#0"},
				"east": {"uv": [3, 12, 14, 16], "texture": "#0"},
				"south": {"uv": [11, 12, 14, 16], "texture": "#0"},
				"west": {"uv": [3, 12, 14, 16], "texture": "#0"},
				"up": {"uv": [5, 11, 11, 13], "rotation": 90, "texture": "#0"},
				"down": {"uv": [0, 0, 6, 2], "rotation": 270, "texture": "#0"}
			}
		},
		{
			"from": [3, 5, 3],
			"to": [13, 7, 13],
			"rotation": {"angle": 0, "axis": "y", "origin": [7, 6.5, 10]},
			"faces": {
				"north": {"uv": [3, 13, 14, 15], "texture": "#0"},
				"east": {"uv": [3, 13, 14, 15], "texture": "#0"},
				"south": {"uv": [3, 13, 14, 15], "texture": "#0"},
				"west": {"uv": [3, 13, 14, 15], "texture": "#0"},
				"up": {"uv": [3, 7, 12, 16], "rotation": 90, "texture": "#0"},
				"down": {"uv": [0, 0, 10, 10], "rotation": 270, "texture": "#0"}
			}
		},
		{
			"from": [12, 8, 5],
			"to": [13, 11, 10],
			"rotation": {"angle": 0, "axis": "y", "origin": [8, 9.5, 7]},
			"faces": {
				"north": {"uv": [11, 12, 14, 16], "texture": "#0"},
				"east": {"uv": [3, 12, 14, 16], "texture": "#0"},
				"south": {"uv": [11, 12, 14, 16], "texture": "#0"},
				"west": {"uv": [3, 12, 14, 16], "texture": "#0"},
				"up": {"uv": [5, 11, 11, 13], "rotation": 90, "texture": "#0"},
				"down": {"uv": [0, 0, 5, 1], "rotation": 270, "texture": "#0"}
			}
		},
		{
			"from": [6, 8, 11.9],
			"to": [11, 11, 12.9],
			"rotation": {"angle": 0, "axis": "y", "origin": [8.8, 10.4, 7.9]},
			"faces": {
				"north": {"uv": [3, 12, 14, 16], "texture": "#0"},
				"east": {"uv": [11, 12, 14, 16], "texture": "#0"},
				"south": {"uv": [3, 12, 14, 16], "texture": "#0"},
				"west": {"uv": [11, 12, 14, 16], "texture": "#0"},
				"up": {"uv": [5, 11, 11, 13], "rotation": 180, "texture": "#0"},
				"down": {"uv": [0, 0, 5, 1], "rotation": 180, "texture": "#0"}
			}
		},
		{
			"from": [3, 8, 6],
			"to": [4, 11, 11],
			"rotation": {"angle": 0, "axis": "y", "origin": [8, 9.5, 8]},
			"faces": {
				"north": {"uv": [11, 12, 14, 16], "texture": "#0"},
				"east": {"uv": [3, 12, 14, 16], "texture": "#0"},
				"south": {"uv": [11, 12, 14, 16], "texture": "#0"},
				"west": {"uv": [3, 12, 14, 16], "texture": "#0"},
				"up": {"uv": [5, 11, 11, 13], "rotation": 90, "texture": "#0"},
				"down": {"uv": [0, 1, 5, 2], "rotation": 270, "texture": "#0"}
			}
		},
		{
			"from": [5, 8, 3],
			"to": [10, 11, 4],
			"rotation": {"angle": 0, "axis": "y", "origin": [7.8, 10.4, 8]},
			"faces": {
				"north": {"uv": [3, 12, 14, 16], "texture": "#0"},
				"east": {"uv": [11, 12, 14, 16], "texture": "#0"},
				"south": {"uv": [3, 12, 14, 16], "texture": "#0"},
				"west": {"uv": [11, 12, 14, 16], "texture": "#0"},
				"up": {"uv": [5, 11, 11, 13], "rotation": 180, "texture": "#0"},
				"down": {"uv": [0, 1, 5, 2], "rotation": 180, "texture": "#0"}
			}
		},
		{
			"from": [12, 11, 7],
			"to": [13, 14, 10],
			"rotation": {"angle": 0, "axis": "y", "origin": [8, 12.5, 8]},
			"faces": {
				"north": {"uv": [11, 12, 14, 16], "texture": "#0"},
				"east": {"uv": [3, 12, 14, 16], "texture": "#0"},
				"south": {"uv": [11, 12, 14, 16], "texture": "#0"},
				"west": {"uv": [3, 12, 14, 16], "texture": "#0"},
				"up": {"uv": [5, 11, 11, 13], "rotation": 90, "texture": "#0"},
				"down": {"uv": [0, 0, 3, 1], "rotation": 270, "texture": "#0"}
			}
		},
		{
			"from": [6, 11, 11.9],
			"to": [9, 14, 12.9],
			"rotation": {"angle": 0, "axis": "y", "origin": [7.8, 10.4, 7.9]},
			"faces": {
				"north": {"uv": [3, 12, 14, 16], "texture": "#0"},
				"east": {"uv": [11, 12, 14, 16], "texture": "#0"},
				"south": {"uv": [3, 12, 14, 16], "texture": "#0"},
				"west": {"uv": [11, 12, 14, 16], "texture": "#0"},
				"up": {"uv": [5, 11, 11, 13], "rotation": 180, "texture": "#0"},
				"down": {"uv": [0, 0, 3, 1], "rotation": 180, "texture": "#0"}
			}
		},
		{
			"from": [3, 11, 6],
			"to": [4, 14, 9],
			"rotation": {"angle": 0, "axis": "y", "origin": [8, 12.5, 7]},
			"faces": {
				"north": {"uv": [11, 12, 14, 16], "texture": "#0"},
				"east": {"uv": [3, 12, 14, 16], "texture": "#0"},
				"south": {"uv": [11, 12, 14, 16], "texture": "#0"},
				"west": {"uv": [3, 12, 14, 16], "texture": "#0"},
				"up": {"uv": [5, 11, 11, 13], "rotation": 90, "texture": "#0"},
				"down": {"uv": [0, 1, 3, 2], "rotation": 270, "texture": "#0"}
			}
		},
		{
			"from": [7, 11, 3],
			"to": [10, 14, 4],
			"rotation": {"angle": 0, "axis": "y", "origin": [8.8, 10.4, 8]},
			"faces": {
				"north": {"uv": [3, 12, 14, 16], "texture": "#0"},
				"east": {"uv": [11, 12, 14, 16], "texture": "#0"},
				"south": {"uv": [3, 12, 14, 16], "texture": "#0"},
				"west": {"uv": [11, 12, 14, 16], "texture": "#0"},
				"up": {"uv": [5, 11, 11, 13], "rotation": 180, "texture": "#0"},
				"down": {"uv": [0, 1, 3, 2], "rotation": 180, "texture": "#0"}
			}
		}
	]
}