{
	"credit": "Made with Blockbench",
	"textures": {
		"0": "block/pointed_dripstone_up_frustum",
		"particle": "block/pointed_dripstone_up_frustum"
	},
	"elements": [
		{
			"from": [4, 11, 4],
			"to": [12, 16, 12],
			"rotation": {"angle": 0, "axis": "y", "origin": [12, 8, 12]},
			"faces": {
				"north": {"uv": [4, 16, 11, 11], "texture": "#0"},
				"east": {"uv": [4, 16, 11, 11], "texture": "#0"},
				"south": {"uv": [4, 16, 11, 9], "texture": "#0"},
				"west": {"uv": [4, 16, 11, 11], "texture": "#0"},
				"up": {"uv": [4, 16, 11, 11], "texture": "#0"},
				"down": {"uv": [4, 16, 10, 10], "texture": "#0"}
			}
		},
		{
			"from": [6, 4, 6],
			"to": [10, 11, 10],
			"rotation": {"angle": 0, "axis": "y", "origin": [12, 2, 12]},
			"faces": {
				"north": {"uv": [4, 16, 11, 11], "texture": "#0"},
				"east": {"uv": [4, 16, 11, 11], "texture": "#0"},
				"south": {"uv": [3, 16, 11, 5], "texture": "#0"},
				"west": {"uv": [4, 16, 11, 11], "texture": "#0"},
				"up": {"uv": [4, 16, 11, 11], "texture": "#0"},
				"down": {"uv": [4, 16, 10, 10], "texture": "#0"}
			}
		},
		{
			"from": [7, 0, 7],
			"to": [9, 4, 9],
			"rotation": {"angle": 0, "axis": "y", "origin": [12, -2, 12]},
			"faces": {
				"north": {"uv": [4, 16, 9, 8], "texture": "#0"},
				"east": {"uv": [4, 16, 9, 8], "texture": "#0"},
				"south": {"uv": [4, 16, 9, 8], "texture": "#0"},
				"west": {"uv": [4, 16, 9, 8], "texture": "#0"},
				"up": {"uv": [4, 16, 11, 11], "texture": "#0"},
				"down": {"uv": [4, 16, 10, 10], "texture": "#0"}
			}
		},
		{
			"from": [6, 3, 7],
			"to": [7, 4, 8],
			"rotation": {"angle": 0, "axis": "y", "origin": [11, -2, 12]},
			"faces": {
				"north": {"uv": [8, 14, 10, 12], "texture": "#0"},
				"east": {"uv": [8, 14, 10, 12], "texture": "#0"},
				"south": {"uv": [8, 14, 10, 12], "texture": "#0"},
				"west": {"uv": [8, 14, 10, 13], "texture": "#0"},
				"up": {"uv": [4, 16, 11, 11], "texture": "#0"},
				"down": {"uv": [8, 14, 10, 12], "texture": "#0"}
			}
		},
		{
			"from": [7, 3, 9],
			"to": [8, 4, 10],
			"rotation": {"angle": 0, "axis": "y", "origin": [12, -2, 14]},
			"faces": {
				"north": {"uv": [8, 14, 10, 12], "texture": "#0"},
				"east": {"uv": [8, 14, 10, 12], "texture": "#0"},
				"south": {"uv": [8, 14, 10, 12], "texture": "#0"},
				"west": {"uv": [8, 14, 10, 13], "texture": "#0"},
				"up": {"uv": [4, 16, 11, 11], "texture": "#0"},
				"down": {"uv": [8, 14, 10, 12], "texture": "#0"}
			}
		},
		{
			"from": [9, 3, 8],
			"to": [10, 4, 9],
			"rotation": {"angle": 0, "axis": "y", "origin": [14, -2, 13]},
			"faces": {
				"north": {"uv": [8, 14, 10, 12], "texture": "#0"},
				"east": {"uv": [8, 14, 10, 12], "texture": "#0"},
				"south": {"uv": [8, 14, 10, 12], "texture": "#0"},
				"west": {"uv": [8, 14, 10, 13], "texture": "#0"},
				"up": {"uv": [4, 16, 11, 11], "texture": "#0"},
				"down": {"uv": [8, 14, 10, 12], "texture": "#0"}
			}
		},
		{
			"from": [8, 3, 6],
			"to": [9, 4, 7],
			"rotation": {"angle": 0, "axis": "y", "origin": [13, -2, 11]},
			"faces": {
				"north": {"uv": [8, 14, 10, 12], "texture": "#0"},
				"east": {"uv": [8, 14, 10, 12], "texture": "#0"},
				"south": {"uv": [8, 14, 10, 12], "texture": "#0"},
				"west": {"uv": [8, 14, 10, 13], "texture": "#0"},
				"up": {"uv": [4, 16, 11, 11], "texture": "#0"},
				"down": {"uv": [8, 14, 10, 12], "texture": "#0"}
			}
		},
		{
			"from": [7, 6, 10],
			"to": [9, 9, 11],
			"rotation": {"angle": 0, "axis": "y", "origin": [12, 2, 13]},
			"faces": {
				"north": {"uv": [6, 15, 10, 9], "texture": "#0"},
				"east": {"uv": [8, 16, 10, 11], "texture": "#0"},
				"south": {"uv": [6, 15, 10, 9], "texture": "#0"},
				"west": {"uv": [8, 16, 10, 11], "texture": "#0"},
				"up": {"uv": [4, 16, 11, 11], "texture": "#0"},
				"down": {"uv": [5, 9, 9, 7], "texture": "#0"}
			}
		},
		{
			"from": [5, 6, 7],
			"to": [6, 9, 9],
			"rotation": {"angle": 0, "axis": "y", "origin": [8, 7.5, 8]},
			"faces": {
				"north": {"uv": [8, 16, 10, 11], "texture": "#0"},
				"east": {"uv": [6, 15, 10, 9], "texture": "#0"},
				"south": {"uv": [8, 16, 10, 11], "texture": "#0"},
				"west": {"uv": [6, 15, 10, 9], "texture": "#0"},
				"up": {"uv": [11, 11, 4, 16], "rotation": 270, "texture": "#0"},
				"down": {"uv": [9, 7, 5, 9], "rotation": 90, "texture": "#0"}
			}
		},
		{
			"from": [7, 6, 5],
			"to": [9, 9, 6],
			"rotation": {"angle": 0, "axis": "y", "origin": [12, 2, 8]},
			"faces": {
				"north": {"uv": [6, 15, 10, 9], "texture": "#0"},
				"east": {"uv": [8, 16, 10, 11], "texture": "#0"},
				"south": {"uv": [6, 15, 10, 9], "texture": "#0"},
				"west": {"uv": [8, 16, 10, 11], "texture": "#0"},
				"up": {"uv": [4, 16, 11, 11], "texture": "#0"},
				"down": {"uv": [5, 9, 9, 7], "texture": "#0"}
			}
		},
		{
			"from": [10, 6, 7],
			"to": [11, 9, 9],
			"rotation": {"angle": 0, "axis": "y", "origin": [8, 7.5, 8]},
			"faces": {
				"north": {"uv": [8, 16, 10, 11], "texture": "#0"},
				"east": {"uv": [6, 15, 10, 9], "texture": "#0"},
				"south": {"uv": [8, 16, 10, 11], "texture": "#0"},
				"west": {"uv": [6, 15, 10, 9], "texture": "#0"},
				"up": {"uv": [11, 11, 4, 16], "rotation": 270, "texture": "#0"},
				"down": {"uv": [9, 7, 5, 9], "rotation": 90, "texture": "#0"}
			}
		},
		{
			"from": [6, 9, 10],
			"to": [10, 11, 12],
			"rotation": {"angle": 0, "axis": "y", "origin": [12, 5, 13]},
			"faces": {
				"north": {"uv": [6, 11, 13, 8], "texture": "#0"},
				"east": {"uv": [6, 14, 10, 10], "texture": "#0"},
				"south": {"uv": [6, 11, 13, 8], "texture": "#0"},
				"west": {"uv": [6, 14, 10, 10], "texture": "#0"},
				"up": {"uv": [4, 16, 11, 11], "texture": "#0"},
				"down": {"uv": [2, 16, 10, 12], "texture": "#0"}
			}
		},
		{
			"from": [10, 9, 6],
			"to": [12, 11, 10],
			"rotation": {"angle": 0, "axis": "y", "origin": [8, 11.5, 8]},
			"faces": {
				"north": {"uv": [6, 14, 10, 10], "texture": "#0"},
				"east": {"uv": [6, 11, 13, 8], "texture": "#0"},
				"south": {"uv": [6, 14, 10, 10], "texture": "#0"},
				"west": {"uv": [6, 11, 13, 8], "texture": "#0"},
				"up": {"uv": [11, 11, 4, 16], "rotation": 90, "texture": "#0"},
				"down": {"uv": [10, 12, 2, 16], "rotation": 270, "texture": "#0"}
			}
		},
		{
			"from": [6, 9, 4],
			"to": [10, 11, 6],
			"rotation": {"angle": 0, "axis": "y", "origin": [13, 5, 3]},
			"faces": {
				"north": {"uv": [6, 11, 13, 8], "texture": "#0"},
				"east": {"uv": [6, 14, 10, 10], "texture": "#0"},
				"south": {"uv": [6, 11, 13, 8], "texture": "#0"},
				"west": {"uv": [6, 14, 10, 10], "texture": "#0"},
				"up": {"uv": [4, 16, 11, 11], "texture": "#0"},
				"down": {"uv": [2, 16, 10, 12], "texture": "#0"}
			}
		},
		{
			"from": [4, 9, 6],
			"to": [6, 11, 11],
			"rotation": {"angle": 0, "axis": "y", "origin": [8, 11.5, 8]},
			"faces": {
				"north": {"uv": [6, 14, 10, 10], "texture": "#0"},
				"east": {"uv": [6, 11, 13, 8], "texture": "#0"},
				"south": {"uv": [6, 14, 10, 10], "texture": "#0"},
				"west": {"uv": [6, 11, 13, 8], "texture": "#0"},
				"up": {"uv": [11, 11, 4, 16], "rotation": 90, "texture": "#0"},
				"down": {"uv": [10, 12, 2, 16], "rotation": 270, "texture": "#0"}
			}
		}
	]
}
