{
	"credit": "Made with Blockbench",
	"textures": {
		"0": "block/pointed_dripstone_up_frustum",
		"particle": "block/pointed_dripstone_up_frustum"
	},
	"elements": [
		{
			"from": [4, 0, 4],
			"to": [12, 1, 12],
			"rotation": {"angle": 0, "axis": "y", "origin": [7, -7, 17]},
			"faces": {
				"north": {"uv": [4, 11, 13, 13], "texture": "#0"},
				"east": {"uv": [4, 11, 13, 13], "texture": "#0"},
				"south": {"uv": [4, 11, 13, 13], "texture": "#0"},
				"west": {"uv": [4, 11, 13, 13], "texture": "#0"},
				"up": {"uv": [3, 6, 13, 16], "texture": "#0"},
				"down": {"uv": [3, 6, 13, 16], "texture": "#0"}
			}
		},
		{
			"from": [11, 1, 5],
			"to": [12, 2, 10],
			"rotation": {"angle": 0, "axis": "y", "origin": [7, -7, 16]},
			"faces": {
				"north": {"uv": [7, 13, 9, 15], "texture": "#0"},
				"east": {"uv": [5, 11, 10, 13], "texture": "#0"},
				"south": {"uv": [7, 13, 9, 15], "texture": "#0"},
				"west": {"uv": [2, 11, 14, 16], "texture": "#0"},
				"up": {"uv": [8, 8, 10, 15], "texture": "#0"},
				"down": {"uv": [3, 6, 13, 16], "texture": "#0"}
			}
		},
		{
			"from": [6, 1, 11],
			"to": [11, 2, 12],
			"rotation": {"angle": 0, "axis": "y", "origin": [8, 1.5, 8]},
			"faces": {
				"north": {"uv": [6, 14, 11, 16], "texture": "#0"},
				"east": {"uv": [7, 13, 9, 15], "texture": "#0"},
				"south": {"uv": [5, 11, 10, 13], "texture": "#0"},
				"west": {"uv": [7, 13, 9, 15], "texture": "#0"},
				"up": {"uv": [8, 8, 10, 15], "rotation": 90, "texture": "#0"},
				"down": {"uv": [3, 6, 13, 16], "rotation": 270, "texture": "#0"}
			}
		},
		{
			"from": [4, 1, 6],
			"to": [5, 2, 11],
			"rotation": {"angle": 0, "axis": "y", "origin": [9, -7, 17]},
			"faces": {
				"north": {"uv": [7, 13, 9, 15], "texture": "#0"},
				"east": {"uv": [2, 11, 14, 16], "texture": "#0"},
				"south": {"uv": [7, 13, 9, 15], "texture": "#0"},
				"west": {"uv": [5, 11, 10, 13], "texture": "#0"},
				"up": {"uv": [8, 8, 10, 15], "texture": "#0"},
				"down": {"uv": [3, 6, 13, 16], "texture": "#0"}
			}
		},
		{
			"from": [5, 1, 4],
			"to": [10, 2, 5],
			"rotation": {"angle": 0, "axis": "y", "origin": [8, 1.5, 8]},
			"faces": {
				"north": {"uv": [5, 11, 10, 13], "texture": "#0"},
				"east": {"uv": [7, 13, 9, 15], "texture": "#0"},
				"south": {"uv": [2, 11, 14, 16], "texture": "#0"},
				"west": {"uv": [7, 13, 9, 15], "texture": "#0"},
				"up": {"uv": [8, 8, 10, 15], "rotation": 90, "texture": "#0"},
				"down": {"uv": [3, 6, 13, 16], "rotation": 270, "texture": "#0"}
			}
		},
		{
			"from": [5, 1, 5],
			"to": [11, 5, 11],
			"rotation": {"angle": 0, "axis": "y", "origin": [7, -5, 17]},
			"faces": {
				"north": {"uv": [6, 11, 11, 16], "texture": "#0"},
				"east": {"uv": [2, 11, 14, 16], "texture": "#0"},
				"south": {"uv": [2, 11, 14, 16], "texture": "#0"},
				"west": {"uv": [2, 11, 14, 16], "texture": "#0"},
				"up": {"uv": [3, 6, 13, 16], "texture": "#0"},
				"down": {"uv": [3, 6, 13, 16], "texture": "#0"}
			}
		},
		{
			"from": [6, 5, 6],
			"to": [10, 8, 10],
			"rotation": {"angle": 0, "axis": "y", "origin": [7, -2, 17]},
			"faces": {
				"north": {"uv": [6, 11, 11, 16], "texture": "#0"},
				"east": {"uv": [2, 11, 14, 16], "texture": "#0"},
				"south": {"uv": [2, 11, 14, 16], "texture": "#0"},
				"west": {"uv": [2, 11, 14, 16], "texture": "#0"},
				"up": {"uv": [3, 6, 13, 16], "texture": "#0"},
				"down": {"uv": [3, 6, 13, 16], "texture": "#0"}
			}
		},
		{
			"from": [8, 9, 8],
			"to": [9, 11, 9],
			"rotation": {"angle": 0, "axis": "y", "origin": [7, 1, 17]},
			"faces": {
				"north": {"uv": [6, 10, 9, 14], "texture": "#0"},
				"east": {"uv": [6, 10, 9, 14], "texture": "#0"},
				"south": {"uv": [6, 10, 9, 14], "texture": "#0"},
				"west": {"uv": [6, 10, 9, 14], "texture": "#0"},
				"up": {"uv": [7, 7, 10, 10], "texture": "#0"},
				"down": {"uv": [3, 6, 13, 16], "texture": "#0"}
			}
		},
		{
			"from": [7, 9, 7],
			"to": [8, 10, 8],
			"rotation": {"angle": 0, "axis": "y", "origin": [6, 1, 16]},
			"faces": {
				"north": {"uv": [6, 12, 9, 14], "texture": "#0"},
				"east": {"uv": [6, 12, 9, 14], "texture": "#0"},
				"south": {"uv": [6, 12, 9, 14], "texture": "#0"},
				"west": {"uv": [5, 12, 8, 14], "texture": "#0"},
				"up": {"uv": [7, 7, 10, 10], "texture": "#0"},
				"down": {"uv": [3, 6, 13, 16], "texture": "#0"}
			}
		},
		{
			"from": [7, 8, 7],
			"to": [9, 9, 9],
			"rotation": {"angle": 0, "axis": "y", "origin": [7, 1, 16]},
			"faces": {
				"north": {"uv": [6, 13, 12, 15], "texture": "#0"},
				"east": {"uv": [6, 13, 12, 15], "texture": "#0"},
				"south": {"uv": [6, 13, 12, 15], "texture": "#0"},
				"west": {"uv": [6, 13, 12, 15], "texture": "#0"},
				"up": {"uv": [6, 11, 11, 16], "texture": "#0"},
				"down": {"uv": [3, 6, 13, 16], "texture": "#0"}
			}
		}
	]
}
