{
	"credit": "Made with Blockbench",
	"textures": {
		"1": "block/pointed_dripstone_down_middle",
		"particle": "block/pointed_dripstone_down_middle"
	},
	"elements": [
		{
			"from": [2, 0, 2],
			"to": [14, 16, 14],
			"rotation": {"angle": 0, "axis": "x", "origin": [7.912, 8, 8]},
			"faces": {
				"north": {"uv": [2, 0, 14, 16], "texture": "#1"},
				"east": {"uv": [2, 0, 14, 16], "texture": "#1"},
				"south": {"uv": [2, 0, 14, 16], "texture": "#1"},
				"west": {"uv": [2, 0, 14, 16], "texture": "#1"},
				"up": {"uv": [2, 0, 13, 11], "texture": "#1"},
				"down": {"uv": [2, 0, 13, 11], "texture": "#1"}
			}
		},
		{
			"from": [8, 10, 1],
			"to": [9, 16, 2],
			"rotation": {"angle": 0, "axis": "x", "origin": [7.912, 8, 8]},
			"faces": {
				"north": {"uv": [6, 3, 7, 9], "texture": "#1"},
				"east": {"uv": [6, 3, 7, 9], "texture": "#1"},
				"south": {"uv": [8, 3, 9, 9], "texture": "#1"},
				"west": {"uv": [10, 5, 11, 11], "texture": "#1"},
				"up": {"uv": [8, 1, 7, 0], "texture": "#1"},
				"down": {"uv": [8, 1, 7, 0], "texture": "#1"}
			}
		},
		{
			"from": [14, 10, 8],
			"to": [15, 16, 9],
			"rotation": {"angle": 0, "axis": "y", "origin": [8, 8, 8]},
			"faces": {
				"north": {"uv": [10, 5, 11, 11], "texture": "#1"},
				"east": {"uv": [6, 3, 7, 9], "texture": "#1"},
				"south": {"uv": [6, 3, 7, 9], "texture": "#1"},
				"west": {"uv": [8, 3, 9, 9], "texture": "#1"},
				"up": {"uv": [8, 1, 7, 0], "rotation": 90, "texture": "#1"},
				"down": {"uv": [8, 1, 7, 0], "rotation": 270, "texture": "#1"}
			}
		},
		{
			"from": [7, 10, 14],
			"to": [8, 16, 15],
			"rotation": {"angle": 0, "axis": "x", "origin": [8.088, 8, 8]},
			"faces": {
				"north": {"uv": [8, 3, 9, 9], "texture": "#1"},
				"east": {"uv": [10, 5, 11, 11], "texture": "#1"},
				"south": {"uv": [6, 3, 7, 9], "texture": "#1"},
				"west": {"uv": [6, 3, 7, 9], "texture": "#1"},
				"up": {"uv": [7, 0, 8, 1], "texture": "#1"},
				"down": {"uv": [7, 0, 8, 1], "texture": "#1"}
			}
		},
		{
			"from": [1, 10, 7],
			"to": [2, 16, 8],
			"rotation": {"angle": 0, "axis": "y", "origin": [8, 8, 8]},
			"faces": {
				"north": {"uv": [6, 3, 7, 9], "texture": "#1"},
				"east": {"uv": [8, 3, 9, 9], "texture": "#1"},
				"south": {"uv": [10, 5, 11, 11], "texture": "#1"},
				"west": {"uv": [6, 3, 7, 9], "texture": "#1"},
				"up": {"uv": [7, 0, 8, 1], "rotation": 90, "texture": "#1"},
				"down": {"uv": [7, 0, 8, 1], "rotation": 270, "texture": "#1"}
			}
		},
		{
			"from": [9, 11, 1],
			"to": [10, 16, 2],
			"rotation": {"angle": 0, "axis": "x", "origin": [7.912, 8, 8]},
			"faces": {
				"north": {"uv": [5, 0, 6, 5], "texture": "#1"},
				"east": {"uv": [5, 0, 6, 5], "texture": "#1"},
				"south": {"uv": [8, 3, 9, 8], "texture": "#1"},
				"west": {"uv": [10, 5, 11, 10], "texture": "#1"},
				"up": {"uv": [7, 1, 6, 0], "texture": "#1"},
				"down": {"uv": [7, 1, 6, 0], "texture": "#1"}
			}
		},
		{
			"from": [14, 11, 9],
			"to": [15, 16, 10],
			"rotation": {"angle": 0, "axis": "y", "origin": [8, 8, 8]},
			"faces": {
				"north": {"uv": [10, 5, 11, 10], "texture": "#1"},
				"east": {"uv": [5, 0, 6, 5], "texture": "#1"},
				"south": {"uv": [5, 0, 6, 5], "texture": "#1"},
				"west": {"uv": [8, 3, 9, 8], "texture": "#1"},
				"up": {"uv": [7, 1, 6, 0], "rotation": 90, "texture": "#1"},
				"down": {"uv": [7, 1, 6, 0], "rotation": 270, "texture": "#1"}
			}
		},
		{
			"from": [6, 11, 14],
			"to": [7, 16, 15],
			"rotation": {"angle": 0, "axis": "x", "origin": [8.088, 8, 8]},
			"faces": {
				"north": {"uv": [8, 3, 9, 8], "texture": "#1"},
				"east": {"uv": [10, 5, 11, 10], "texture": "#1"},
				"south": {"uv": [5, 0, 6, 5], "texture": "#1"},
				"west": {"uv": [5, 0, 6, 5], "texture": "#1"},
				"up": {"uv": [6, 0, 7, 1], "texture": "#1"},
				"down": {"uv": [6, 0, 7, 1], "texture": "#1"}
			}
		},
		{
			"from": [1, 11, 6],
			"to": [2, 16, 7],
			"rotation": {"angle": 0, "axis": "y", "origin": [8, 8, 8]},
			"faces": {
				"north": {"uv": [5, 0, 6, 5], "texture": "#1"},
				"east": {"uv": [8, 3, 9, 8], "texture": "#1"},
				"south": {"uv": [10, 5, 11, 10], "texture": "#1"},
				"west": {"uv": [5, 0, 6, 5], "texture": "#1"},
				"up": {"uv": [6, 0, 7, 1], "rotation": 90, "texture": "#1"},
				"down": {"uv": [6, 0, 7, 1], "rotation": 270, "texture": "#1"}
			}
		},
		{
			"from": [8, 0, 1],
			"to": [9, 6, 2],
			"rotation": {"angle": 0, "axis": "x", "origin": [7.912, 8, 8]},
			"faces": {
				"north": {"uv": [6, 10, 7, 16], "texture": "#1"},
				"east": {"uv": [6, 3, 7, 9], "texture": "#1"},
				"south": {"uv": [8, 3, 9, 9], "texture": "#1"},
				"west": {"uv": [10, 5, 11, 11], "texture": "#1"},
				"up": {"uv": [7, 2, 6, 1], "texture": "#1"},
				"down": {"uv": [7, 1, 6, 0], "texture": "#1"}
			}
		},
		{
			"from": [14, 0, 8],
			"to": [15, 6, 9],
			"rotation": {"angle": 0, "axis": "y", "origin": [8, 8, 8]},
			"faces": {
				"north": {"uv": [10, 5, 11, 11], "texture": "#1"},
				"east": {"uv": [6, 10, 7, 16], "texture": "#1"},
				"south": {"uv": [6, 3, 7, 9], "texture": "#1"},
				"west": {"uv": [8, 3, 9, 9], "texture": "#1"},
				"up": {"uv": [7, 2, 6, 1], "rotation": 90, "texture": "#1"},
				"down": {"uv": [7, 1, 6, 0], "rotation": 270, "texture": "#1"}
			}
		},
		{
			"from": [7, 0, 14],
			"to": [8, 6, 15],
			"rotation": {"angle": 0, "axis": "x", "origin": [8.088, 8, 8]},
			"faces": {
				"north": {"uv": [8, 3, 9, 9], "texture": "#1"},
				"east": {"uv": [10, 5, 11, 11], "texture": "#1"},
				"south": {"uv": [6, 10, 7, 16], "texture": "#1"},
				"west": {"uv": [6, 3, 7, 9], "texture": "#1"},
				"up": {"uv": [6, 1, 7, 2], "texture": "#1"},
				"down": {"uv": [6, 0, 7, 1], "texture": "#1"}
			}
		},
		{
			"from": [1, 0, 7],
			"to": [2, 6, 8],
			"rotation": {"angle": 0, "axis": "y", "origin": [8, 8, 8]},
			"faces": {
				"north": {"uv": [6, 3, 7, 9], "texture": "#1"},
				"east": {"uv": [8, 3, 9, 9], "texture": "#1"},
				"south": {"uv": [10, 5, 11, 11], "texture": "#1"},
				"west": {"uv": [6, 10, 7, 16], "texture": "#1"},
				"up": {"uv": [6, 1, 7, 2], "rotation": 90, "texture": "#1"},
				"down": {"uv": [6, 0, 7, 1], "rotation": 270, "texture": "#1"}
			}
		},
		{
			"from": [9, 0, 1],
			"to": [10, 5, 2],
			"rotation": {"angle": 0, "axis": "x", "origin": [7.912, 8, 8]},
			"faces": {
				"north": {"uv": [5, 11, 6, 16], "texture": "#1"},
				"east": {"uv": [5, 11, 6, 16], "texture": "#1"},
				"south": {"uv": [8, 3, 9, 8], "texture": "#1"},
				"west": {"uv": [10, 5, 11, 10], "texture": "#1"},
				"up": {"uv": [7, 2, 6, 1], "texture": "#1"},
				"down": {"uv": [7, 1, 6, 0], "texture": "#1"}
			}
		},
		{
			"from": [14, 0, 9],
			"to": [15, 5, 10],
			"rotation": {"angle": 0, "axis": "y", "origin": [8, 8, 8]},
			"faces": {
				"north": {"uv": [10, 5, 11, 10], "texture": "#1"},
				"east": {"uv": [5, 11, 6, 16], "texture": "#1"},
				"south": {"uv": [5, 11, 6, 16], "texture": "#1"},
				"west": {"uv": [8, 3, 9, 8], "texture": "#1"},
				"up": {"uv": [7, 2, 6, 1], "rotation": 90, "texture": "#1"},
				"down": {"uv": [7, 1, 6, 0], "rotation": 270, "texture": "#1"}
			}
		},
		{
			"from": [6, 0, 14],
			"to": [7, 5, 15],
			"rotation": {"angle": 0, "axis": "x", "origin": [8.088, 8, 8]},
			"faces": {
				"north": {"uv": [8, 3, 9, 8], "texture": "#1"},
				"east": {"uv": [10, 5, 11, 10], "texture": "#1"},
				"south": {"uv": [5, 11, 6, 16], "texture": "#1"},
				"west": {"uv": [5, 11, 6, 16], "texture": "#1"},
				"up": {"uv": [6, 1, 7, 2], "texture": "#1"},
				"down": {"uv": [6, 0, 7, 1], "texture": "#1"}
			}
		},
		{
			"from": [1, 0, 6],
			"to": [2, 5, 7],
			"rotation": {"angle": 0, "axis": "y", "origin": [8, 8, 8]},
			"faces": {
				"north": {"uv": [5, 11, 6, 16], "texture": "#1"},
				"east": {"uv": [8, 3, 9, 8], "texture": "#1"},
				"south": {"uv": [10, 5, 11, 10], "texture": "#1"},
				"west": {"uv": [5, 11, 6, 16], "texture": "#1"},
				"up": {"uv": [6, 1, 7, 2], "rotation": 90, "texture": "#1"},
				"down": {"uv": [6, 0, 7, 1], "rotation": 270, "texture": "#1"}
			}
		},
		{
			"from": [7, 4, 1],
			"to": [8, 12, 2],
			"rotation": {"angle": 0, "axis": "x", "origin": [7.912, 8, 8]},
			"faces": {
				"north": {"uv": [8, 3, 9, 11], "texture": "#1"},
				"east": {"uv": [6, 3, 7, 11], "texture": "#1"},
				"south": {"uv": [8, 3, 9, 11], "texture": "#1"},
				"west": {"uv": [10, 5, 11, 13], "texture": "#1"},
				"up": {"uv": [7, 1, 6, 0], "texture": "#1"},
				"down": {"uv": [7, 1, 6, 0], "texture": "#1"}
			}
		},
		{
			"from": [14, 4, 7],
			"to": [15, 12, 8],
			"rotation": {"angle": 0, "axis": "y", "origin": [8, 8, 8]},
			"faces": {
				"north": {"uv": [10, 5, 11, 13], "texture": "#1"},
				"east": {"uv": [8, 3, 9, 11], "texture": "#1"},
				"south": {"uv": [6, 3, 7, 11], "texture": "#1"},
				"west": {"uv": [8, 3, 9, 11], "texture": "#1"},
				"up": {"uv": [7, 1, 6, 0], "rotation": 90, "texture": "#1"},
				"down": {"uv": [7, 1, 6, 0], "rotation": 270, "texture": "#1"}
			}
		},
		{
			"from": [8, 4, 14],
			"to": [9, 12, 15],
			"rotation": {"angle": 0, "axis": "x", "origin": [8.088, 8, 8]},
			"faces": {
				"north": {"uv": [8, 3, 9, 11], "texture": "#1"},
				"east": {"uv": [10, 5, 11, 13], "texture": "#1"},
				"south": {"uv": [8, 3, 9, 11], "texture": "#1"},
				"west": {"uv": [6, 3, 7, 11], "texture": "#1"},
				"up": {"uv": [6, 0, 7, 1], "texture": "#1"},
				"down": {"uv": [6, 0, 7, 1], "texture": "#1"}
			}
		},
		{
			"from": [1, 4, 8],
			"to": [2, 12, 9],
			"rotation": {"angle": 0, "axis": "y", "origin": [8, 8, 8]},
			"faces": {
				"north": {"uv": [6, 3, 7, 11], "texture": "#1"},
				"east": {"uv": [8, 3, 9, 11], "texture": "#1"},
				"south": {"uv": [10, 5, 11, 13], "texture": "#1"},
				"west": {"uv": [8, 3, 9, 11], "texture": "#1"},
				"up": {"uv": [6, 0, 7, 1], "rotation": 90, "texture": "#1"},
				"down": {"uv": [6, 0, 7, 1], "rotation": 270, "texture": "#1"}
			}
		},
		{
			"from": [6, 5, 1],
			"to": [7, 11, 2],
			"rotation": {"angle": 0, "axis": "x", "origin": [7.912, 8, 8]},
			"faces": {
				"north": {"uv": [9, 4, 10, 10], "texture": "#1"},
				"east": {"uv": [6, 3, 7, 9], "texture": "#1"},
				"south": {"uv": [8, 3, 9, 9], "texture": "#1"},
				"west": {"uv": [10, 5, 11, 11], "texture": "#1"},
				"up": {"uv": [8, 7, 7, 6], "texture": "#1"},
				"down": {"uv": [8, 1, 7, 0], "texture": "#1"}
			}
		},
		{
			"from": [14, 5, 6],
			"to": [15, 11, 7],
			"rotation": {"angle": 0, "axis": "y", "origin": [8, 8, 8]},
			"faces": {
				"north": {"uv": [10, 5, 11, 11], "texture": "#1"},
				"east": {"uv": [9, 4, 10, 10], "texture": "#1"},
				"south": {"uv": [6, 3, 7, 9], "texture": "#1"},
				"west": {"uv": [8, 3, 9, 9], "texture": "#1"},
				"up": {"uv": [8, 7, 7, 6], "rotation": 90, "texture": "#1"},
				"down": {"uv": [8, 1, 7, 0], "rotation": 270, "texture": "#1"}
			}
		},
		{
			"from": [9, 5, 14],
			"to": [10, 11, 15],
			"rotation": {"angle": 0, "axis": "x", "origin": [8.088, 8, 8]},
			"faces": {
				"north": {"uv": [8, 3, 9, 9], "texture": "#1"},
				"east": {"uv": [10, 5, 11, 11], "texture": "#1"},
				"south": {"uv": [9, 4, 10, 10], "texture": "#1"},
				"west": {"uv": [6, 3, 7, 9], "texture": "#1"},
				"up": {"uv": [7, 6, 8, 7], "texture": "#1"},
				"down": {"uv": [7, 0, 8, 1], "texture": "#1"}
			}
		},
		{
			"from": [1, 5, 9],
			"to": [2, 11, 10],
			"rotation": {"angle": 0, "axis": "y", "origin": [8, 8, 8]},
			"faces": {
				"north": {"uv": [6, 3, 7, 9], "texture": "#1"},
				"east": {"uv": [8, 3, 9, 9], "texture": "#1"},
				"south": {"uv": [10, 5, 11, 11], "texture": "#1"},
				"west": {"uv": [9, 4, 10, 10], "texture": "#1"},
				"up": {"uv": [7, 6, 8, 7], "rotation": 90, "texture": "#1"},
				"down": {"uv": [7, 0, 8, 1], "rotation": 270, "texture": "#1"}
			}
		}
	],
	"groups": [
		{
			"name": "group",
			"origin": [0, 0, 0],
			"children": [0, 1, 2, 3, 4, 5, 6, 7, 8, 9, 10, 11, 12, 13, 14, 15, 16, 17, 18, 19, 20, 21, 22, 23, 24]
		}
	]
}