{
	"credit": "Made with Blockbench",
	"textures": {
		"0": "block/pointed_dripstone_up_frustum",
		"1": "block/pointed_dripstone_down_middle",
		"particle": "block/pointed_dripstone_up_frustum"
	},
	"elements": [
		{
			"from": [2, 11, 2],
			"to": [14, 16, 14],
			"rotation": {"angle": 0, "axis": "y", "origin": [8, 8.73684, 7.98947]},
			"faces": {
				"north": {"uv": [14, 16, 2, 10], "texture": "#1"},
				"east": {"uv": [14, 16, 2, 10], "texture": "#1"},
				"south": {"uv": [14, 16, 2, 10], "texture": "#1"},
				"west": {"uv": [14, 16, 2, 10], "texture": "#1"},
				"up": {"uv": [13, 16, 3, 7], "texture": "#1"},
				"down": {"uv": [12, 16, 3, 7], "texture": "#1"}
			}
		},
		{
			"from": [1.5, 13.5, 8],
			"to": [2, 16, 10],
			"rotation": {"angle": 0, "axis": "y", "origin": [8, 8.73684, 7.98947]},
			"faces": {
				"north": {"uv": [9, 16, 8, 13], "texture": "#1"},
				"east": {"uv": [4, 13, 2, 10], "texture": "#1"},
				"south": {"uv": [6, 16, 5, 13], "texture": "#1"},
				"west": {"uv": [8, 16, 6, 13], "texture": "#1"},
				"up": {"uv": [11, 7, 9, 6], "rotation": 270, "texture": "#1"},
				"down": {"uv": [5, 7, 3, 6], "rotation": 270, "texture": "#1"}
			}
		},
		{
			"from": [8, 13.5, 14],
			"to": [10, 16, 14.5],
			"rotation": {"angle": 0, "axis": "y", "origin": [8, 8.73684, 7.98947]},
			"faces": {
				"north": {"uv": [4, 13, 2, 10], "texture": "#1"},
				"east": {"uv": [6, 16, 5, 13], "texture": "#1"},
				"south": {"uv": [8, 16, 6, 13], "texture": "#1"},
				"west": {"uv": [9, 16, 8, 13], "texture": "#1"},
				"up": {"uv": [11, 7, 9, 6], "rotation": 180, "texture": "#1"},
				"down": {"uv": [5, 7, 3, 6], "texture": "#1"}
			}
		},
		{
			"from": [14, 13.5, 6],
			"to": [14.5, 16, 8],
			"rotation": {"angle": 0, "axis": "y", "origin": [8, 8.73684, 7.98947]},
			"faces": {
				"north": {"uv": [6, 16, 5, 13], "texture": "#1"},
				"east": {"uv": [8, 16, 6, 13], "texture": "#1"},
				"south": {"uv": [9, 16, 8, 13], "texture": "#1"},
				"west": {"uv": [4, 13, 2, 10], "texture": "#1"},
				"up": {"uv": [11, 7, 9, 6], "rotation": 90, "texture": "#1"},
				"down": {"uv": [5, 7, 3, 6], "rotation": 90, "texture": "#1"}
			}
		},
		{
			"from": [6, 13.5, 1.5],
			"to": [8, 16, 2],
			"rotation": {"angle": 0, "axis": "y", "origin": [8, 8.73684, 7.98947]},
			"faces": {
				"north": {"uv": [8, 16, 6, 13], "texture": "#1"},
				"east": {"uv": [9, 16, 8, 13], "texture": "#1"},
				"south": {"uv": [4, 13, 2, 10], "texture": "#1"},
				"west": {"uv": [6, 16, 5, 13], "texture": "#1"},
				"up": {"uv": [11, 7, 9, 6], "texture": "#1"},
				"down": {"uv": [5, 7, 3, 6], "rotation": 180, "texture": "#1"}
			}
		},
		{
			"from": [4, 0, 4],
			"to": [12, 11, 12],
			"rotation": {"angle": 0, "axis": "y", "origin": [8, 8.73684, 7.98947]},
			"faces": {
				"north": {"uv": [14, 16, 3, 8], "texture": "#0"},
				"east": {"uv": [14, 16, 3, 8], "texture": "#0"},
				"south": {"uv": [14, 16, 3, 8], "texture": "#0"},
				"west": {"uv": [14, 16, 3, 8], "texture": "#0"},
				"up": {"uv": [8, 8, 0, 0], "texture": "#0"},
				"down": {"uv": [12, 16, 3, 7], "texture": "#0"}
			}
		},
		{
			"from": [5, 8, 12],
			"to": [11, 11, 14],
			"rotation": {"angle": 0, "axis": "y", "origin": [8, 8.73684, 7.98947]},
			"faces": {
				"north": {"uv": [14, 16, 3, 12], "texture": "#0"},
				"east": {"uv": [14, 16, 11, 12], "texture": "#0"},
				"south": {"uv": [14, 16, 3, 12], "texture": "#0"},
				"west": {"uv": [14, 16, 11, 12], "texture": "#0"},
				"up": {"uv": [6, 2, 0, 0], "texture": "#0"},
				"down": {"uv": [11, 13, 5, 11], "texture": "#0"}
			}
		},
		{
			"from": [12, 8, 5],
			"to": [14, 11, 11],
			"rotation": {"angle": 0, "axis": "y", "origin": [8, 8.73684, 7.98947]},
			"faces": {
				"north": {"uv": [14, 16, 11, 12], "texture": "#0"},
				"east": {"uv": [14, 16, 3, 12], "texture": "#0"},
				"south": {"uv": [14, 16, 11, 12], "texture": "#0"},
				"west": {"uv": [14, 16, 3, 12], "texture": "#0"},
				"up": {"uv": [6, 2, 0, 0], "rotation": 270, "texture": "#0"},
				"down": {"uv": [11, 13, 5, 11], "rotation": 90, "texture": "#0"}
			}
		},
		{
			"from": [5, 8, 2],
			"to": [11, 11, 4],
			"rotation": {"angle": 0, "axis": "y", "origin": [8, 8.73684, 7.98947]},
			"faces": {
				"north": {"uv": [14, 16, 3, 12], "texture": "#0"},
				"east": {"uv": [14, 16, 11, 12], "texture": "#0"},
				"south": {"uv": [14, 16, 3, 12], "texture": "#0"},
				"west": {"uv": [14, 16, 11, 12], "texture": "#0"},
				"up": {"uv": [6, 2, 0, 0], "texture": "#0"},
				"down": {"uv": [11, 13, 5, 11], "texture": "#0"}
			}
		},
		{
			"from": [2, 8, 5],
			"to": [4, 11, 11],
			"rotation": {"angle": 0, "axis": "y", "origin": [8, 8.73684, 7.98947]},
			"faces": {
				"north": {"uv": [14, 16, 11, 12], "texture": "#0"},
				"east": {"uv": [14, 16, 3, 12], "texture": "#0"},
				"south": {"uv": [14, 16, 11, 12], "texture": "#0"},
				"west": {"uv": [14, 16, 3, 12], "texture": "#0"},
				"up": {"uv": [6, 2, 0, 0], "rotation": 270, "texture": "#0"},
				"down": {"uv": [11, 13, 5, 11], "rotation": 90, "texture": "#0"}
			}
		},
		{
			"from": [3, 9, 3],
			"to": [13, 11, 13],
			"rotation": {"angle": 0, "axis": "y", "origin": [8, 8.73684, 7.98947]},
			"faces": {
				"north": {"uv": [14, 15, 3, 13], "texture": "#0"},
				"east": {"uv": [14, 15, 3, 13], "texture": "#0"},
				"south": {"uv": [14, 15, 3, 13], "texture": "#0"},
				"west": {"uv": [14, 15, 3, 13], "texture": "#0"},
				"up": {"uv": [10, 10, 0, 0], "rotation": 270, "texture": "#0"},
				"down": {"uv": [12, 16, 3, 7], "rotation": 90, "texture": "#0"}
			}
		},
		{
			"from": [3, 5, 5],
			"to": [4, 8, 10],
			"rotation": {"angle": 0, "axis": "y", "origin": [8, 8.73684, 7.98947]},
			"faces": {
				"north": {"uv": [14, 16, 11, 12], "texture": "#0"},
				"east": {"uv": [14, 16, 3, 12], "texture": "#0"},
				"south": {"uv": [14, 16, 11, 12], "texture": "#0"},
				"west": {"uv": [14, 16, 3, 12], "texture": "#0"},
				"up": {"uv": [5, 1, 0, 0], "rotation": 270, "texture": "#0"},
				"down": {"uv": [11, 13, 5, 11], "rotation": 90, "texture": "#0"}
			}
		},
		{
			"from": [5, 5, 11.9],
			"to": [10, 8, 12.9],
			"rotation": {"angle": 0, "axis": "y", "origin": [8, 8.73684, 7.98947]},
			"faces": {
				"north": {"uv": [14, 16, 3, 12], "texture": "#0"},
				"east": {"uv": [14, 16, 11, 12], "texture": "#0"},
				"south": {"uv": [14, 16, 3, 12], "texture": "#0"},
				"west": {"uv": [14, 16, 11, 12], "texture": "#0"},
				"up": {"uv": [5, 1, 0, 0], "rotation": 180, "texture": "#0"},
				"down": {"uv": [11, 13, 5, 11], "rotation": 180, "texture": "#0"}
			}
		},
		{
			"from": [12, 5, 6],
			"to": [13, 8, 11],
			"rotation": {"angle": 0, "axis": "y", "origin": [8, 8.73684, 7.98947]},
			"faces": {
				"north": {"uv": [14, 16, 11, 12], "texture": "#0"},
				"east": {"uv": [14, 16, 3, 12], "texture": "#0"},
				"south": {"uv": [14, 16, 11, 12], "texture": "#0"},
				"west": {"uv": [14, 16, 3, 12], "texture": "#0"},
				"up": {"uv": [5, 2, 0, 1], "rotation": 270, "texture": "#0"},
				"down": {"uv": [11, 13, 5, 11], "rotation": 90, "texture": "#0"}
			}
		},
		{
			"from": [6, 5, 3],
			"to": [11, 8, 4],
			"rotation": {"angle": 0, "axis": "y", "origin": [8, 8.73684, 7.98947]},
			"faces": {
				"north": {"uv": [14, 16, 3, 12], "texture": "#0"},
				"east": {"uv": [14, 16, 11, 12], "texture": "#0"},
				"south": {"uv": [14, 16, 3, 12], "texture": "#0"},
				"west": {"uv": [14, 16, 11, 12], "texture": "#0"},
				"up": {"uv": [5, 2, 0, 1], "rotation": 180, "texture": "#0"},
				"down": {"uv": [11, 13, 5, 11], "rotation": 180, "texture": "#0"}
			}
		},
		{
			"from": [3, 2, 7],
			"to": [4, 5, 10],
			"rotation": {"angle": 0, "axis": "y", "origin": [8, 8.73684, 7.98947]},
			"faces": {
				"north": {"uv": [14, 16, 11, 12], "texture": "#0"},
				"east": {"uv": [14, 16, 3, 12], "texture": "#0"},
				"south": {"uv": [14, 16, 11, 12], "texture": "#0"},
				"west": {"uv": [14, 16, 3, 12], "texture": "#0"},
				"up": {"uv": [3, 1, 0, 0], "rotation": 270, "texture": "#0"},
				"down": {"uv": [11, 13, 5, 11], "rotation": 90, "texture": "#0"}
			}
		},
		{
			"from": [7, 2, 11.9],
			"to": [10, 5, 12.9],
			"rotation": {"angle": 0, "axis": "y", "origin": [8, 8.73684, 7.98947]},
			"faces": {
				"north": {"uv": [14, 16, 3, 12], "texture": "#0"},
				"east": {"uv": [14, 16, 11, 12], "texture": "#0"},
				"south": {"uv": [14, 16, 3, 12], "texture": "#0"},
				"west": {"uv": [14, 16, 11, 12], "texture": "#0"},
				"up": {"uv": [3, 1, 0, 0], "rotation": 180, "texture": "#0"},
				"down": {"uv": [11, 13, 5, 11], "rotation": 180, "texture": "#0"}
			}
		},
		{
			"from": [12, 2, 6],
			"to": [13, 5, 9],
			"rotation": {"angle": 0, "axis": "y", "origin": [8, 8.73684, 7.98947]},
			"faces": {
				"north": {"uv": [14, 16, 11, 12], "texture": "#0"},
				"east": {"uv": [14, 16, 3, 12], "texture": "#0"},
				"south": {"uv": [14, 16, 11, 12], "texture": "#0"},
				"west": {"uv": [14, 16, 3, 12], "texture": "#0"},
				"up": {"uv": [3, 2, 0, 1], "rotation": 270, "texture": "#0"},
				"down": {"uv": [11, 13, 5, 11], "rotation": 90, "texture": "#0"}
			}
		},
		{
			"from": [6, 2, 3],
			"to": [9, 5, 4],
			"rotation": {"angle": 0, "axis": "y", "origin": [8, 8.73684, 7.98947]},
			"faces": {
				"north": {"uv": [14, 16, 3, 12], "texture": "#0"},
				"east": {"uv": [14, 16, 11, 12], "texture": "#0"},
				"south": {"uv": [14, 16, 3, 12], "texture": "#0"},
				"west": {"uv": [14, 16, 11, 12], "texture": "#0"},
				"up": {"uv": [3, 2, 0, 1], "rotation": 180, "texture": "#0"},
				"down": {"uv": [11, 13, 5, 11], "rotation": 180, "texture": "#0"}
			}
		}
	]
}