{
	"credit": "Made with Blockbench",
	"textures": {
		"0": "block/pointed_dripstone_up_frustum",
		"particle": "block/pointed_dripstone_up_frustum"
	},
	"elements": [
		{
			"from": [4, 0, 4],
			"to": [12, 5, 12],
			"rotation": {"angle": 0, "axis": "y", "origin": [12, 8, 12]},
			"faces": {
				"north": {"uv": [4, 11, 11, 16], "texture": "#0"},
				"east": {"uv": [4, 11, 11, 16], "texture": "#0"},
				"south": {"uv": [4, 9, 11, 16], "texture": "#0"},
				"west": {"uv": [4, 11, 11, 16], "texture": "#0"},
				"up": {"uv": [4, 10, 10, 16], "texture": "#0"},
				"down": {"uv": [4, 11, 11, 16], "texture": "#0"}
			}
		},
		{
			"from": [6, 5, 6],
			"to": [10, 12, 10],
			"rotation": {"angle": 0, "axis": "y", "origin": [12, 14, 12]},
			"faces": {
				"north": {"uv": [4, 11, 11, 16], "texture": "#0"},
				"east": {"uv": [4, 11, 11, 16], "texture": "#0"},
				"south": {"uv": [3, 5, 11, 16], "texture": "#0"},
				"west": {"uv": [4, 11, 11, 16], "texture": "#0"},
				"up": {"uv": [4, 10, 10, 16], "texture": "#0"},
				"down": {"uv": [4, 11, 11, 16], "texture": "#0"}
			}
		},
		{
			"from": [7, 12, 7],
			"to": [9, 16, 9],
			"rotation": {"angle": 0, "axis": "y", "origin": [12, 18, 12]},
			"faces": {
				"north": {"uv": [4, 8, 9, 16], "texture": "#0"},
				"east": {"uv": [4, 8, 9, 16], "texture": "#0"},
				"south": {"uv": [4, 8, 9, 16], "texture": "#0"},
				"west": {"uv": [4, 8, 9, 16], "texture": "#0"},
				"up": {"uv": [4, 10, 10, 16], "texture": "#0"},
				"down": {"uv": [4, 11, 11, 16], "texture": "#0"}
			}
		},
		{
			"from": [6, 12, 7],
			"to": [7, 13, 8],
			"rotation": {"angle": 0, "axis": "y", "origin": [11, 18, 12]},
			"faces": {
				"north": {"uv": [8, 12, 10, 14], "texture": "#0"},
				"east": {"uv": [8, 12, 10, 14], "texture": "#0"},
				"south": {"uv": [8, 12, 10, 14], "texture": "#0"},
				"west": {"uv": [8, 13, 10, 14], "texture": "#0"},
				"up": {"uv": [8, 12, 10, 14], "texture": "#0"},
				"down": {"uv": [4, 11, 11, 16], "texture": "#0"}
			}
		},
		{
			"from": [7, 12, 9],
			"to": [8, 13, 10],
			"rotation": {"angle": 0, "axis": "y", "origin": [12, 18, 14]},
			"faces": {
				"north": {"uv": [8, 12, 10, 14], "texture": "#0"},
				"east": {"uv": [8, 12, 10, 14], "texture": "#0"},
				"south": {"uv": [8, 12, 10, 14], "texture": "#0"},
				"west": {"uv": [8, 13, 10, 14], "texture": "#0"},
				"up": {"uv": [8, 12, 10, 14], "texture": "#0"},
				"down": {"uv": [4, 11, 11, 16], "texture": "#0"}
			}
		},
		{
			"from": [9, 12, 8],
			"to": [10, 13, 9],
			"rotation": {"angle": 0, "axis": "y", "origin": [14, 18, 13]},
			"faces": {
				"north": {"uv": [8, 12, 10, 14], "texture": "#0"},
				"east": {"uv": [8, 12, 10, 14], "texture": "#0"},
				"south": {"uv": [8, 12, 10, 14], "texture": "#0"},
				"west": {"uv": [8, 13, 10, 14], "texture": "#0"},
				"up": {"uv": [8, 12, 10, 14], "texture": "#0"},
				"down": {"uv": [4, 11, 11, 16], "texture": "#0"}
			}
		},
		{
			"from": [8, 12, 6],
			"to": [9, 13, 7],
			"rotation": {"angle": 0, "axis": "y", "origin": [13, 18, 11]},
			"faces": {
				"north": {"uv": [8, 12, 10, 14], "texture": "#0"},
				"east": {"uv": [8, 12, 10, 14], "texture": "#0"},
				"south": {"uv": [8, 12, 10, 14], "texture": "#0"},
				"west": {"uv": [8, 13, 10, 14], "texture": "#0"},
				"up": {"uv": [8, 12, 10, 14], "texture": "#0"},
				"down": {"uv": [4, 11, 11, 16], "texture": "#0"}
			}
		},
		{
			"from": [7, 7, 10],
			"to": [9, 10, 11],
			"rotation": {"angle": 0, "axis": "y", "origin": [12, 14, 13]},
			"faces": {
				"north": {"uv": [6, 9, 10, 15], "texture": "#0"},
				"east": {"uv": [8, 11, 10, 16], "texture": "#0"},
				"south": {"uv": [6, 9, 10, 15], "texture": "#0"},
				"west": {"uv": [8, 11, 10, 16], "texture": "#0"},
				"up": {"uv": [5, 7, 9, 9], "texture": "#0"},
				"down": {"uv": [4, 11, 11, 16], "texture": "#0"}
			}
		},
		{
			"from": [5, 7, 7],
			"to": [6, 10, 9],
			"rotation": {"angle": 0, "axis": "y", "origin": [8, 8.5, 8]},
			"faces": {
				"north": {"uv": [8, 11, 10, 16], "texture": "#0"},
				"east": {"uv": [6, 9, 10, 15], "texture": "#0"},
				"south": {"uv": [8, 11, 10, 16], "texture": "#0"},
				"west": {"uv": [6, 9, 10, 15], "texture": "#0"},
				"up": {"uv": [5, 7, 9, 9], "rotation": 90, "texture": "#0"},
				"down": {"uv": [4, 11, 11, 16], "rotation": 270, "texture": "#0"}
			}
		},
		{
			"from": [7, 7, 5],
			"to": [9, 10, 6],
			"rotation": {"angle": 0, "axis": "y", "origin": [12, 14, 8]},
			"faces": {
				"north": {"uv": [6, 9, 10, 15], "texture": "#0"},
				"east": {"uv": [8, 11, 10, 16], "texture": "#0"},
				"south": {"uv": [6, 9, 10, 15], "texture": "#0"},
				"west": {"uv": [8, 11, 10, 16], "texture": "#0"},
				"up": {"uv": [5, 7, 9, 9], "texture": "#0"},
				"down": {"uv": [4, 11, 11, 16], "texture": "#0"}
			}
		},
		{
			"from": [10, 7, 7],
			"to": [11, 10, 9],
			"rotation": {"angle": 0, "axis": "y", "origin": [8, 8.5, 8]},
			"faces": {
				"north": {"uv": [8, 11, 10, 16], "texture": "#0"},
				"east": {"uv": [6, 9, 10, 15], "texture": "#0"},
				"south": {"uv": [8, 11, 10, 16], "texture": "#0"},
				"west": {"uv": [6, 9, 10, 15], "texture": "#0"},
				"up": {"uv": [5, 7, 9, 9], "rotation": 90, "texture": "#0"},
				"down": {"uv": [4, 11, 11, 16], "rotation": 270, "texture": "#0"}
			}
		},
		{
			"from": [6, 5, 10],
			"to": [10, 7, 12],
			"rotation": {"angle": 0, "axis": "y", "origin": [12, 11, 13]},
			"faces": {
				"north": {"uv": [6, 8, 13, 11], "texture": "#0"},
				"east": {"uv": [6, 10, 10, 14], "texture": "#0"},
				"south": {"uv": [6, 8, 13, 11], "texture": "#0"},
				"west": {"uv": [6, 10, 10, 14], "texture": "#0"},
				"up": {"uv": [2, 12, 10, 16], "texture": "#0"},
				"down": {"uv": [4, 11, 11, 16], "texture": "#0"}
			}
		},
		{
			"from": [10, 5, 6],
			"to": [12, 7, 10],
			"rotation": {"angle": 0, "axis": "y", "origin": [8, 4.5, 8]},
			"faces": {
				"north": {"uv": [6, 10, 10, 14], "texture": "#0"},
				"east": {"uv": [6, 8, 13, 11], "texture": "#0"},
				"south": {"uv": [6, 10, 10, 14], "texture": "#0"},
				"west": {"uv": [6, 8, 13, 11], "texture": "#0"},
				"up": {"uv": [2, 12, 10, 16], "rotation": 270, "texture": "#0"},
				"down": {"uv": [4, 11, 11, 16], "rotation": 90, "texture": "#0"}
			}
		},
		{
			"from": [6, 5, 4],
			"to": [10, 7, 6],
			"rotation": {"angle": 0, "axis": "y", "origin": [13, 11, 3]},
			"faces": {
				"north": {"uv": [6, 8, 13, 11], "texture": "#0"},
				"east": {"uv": [6, 10, 10, 14], "texture": "#0"},
				"south": {"uv": [6, 8, 13, 11], "texture": "#0"},
				"west": {"uv": [6, 10, 10, 14], "texture": "#0"},
				"up": {"uv": [2, 12, 10, 16], "texture": "#0"},
				"down": {"uv": [4, 11, 11, 16], "texture": "#0"}
			}
		},
		{
			"from": [4, 5, 6],
			"to": [6, 7, 11],
			"rotation": {"angle": 0, "axis": "y", "origin": [8, 4.5, 8]},
			"faces": {
				"north": {"uv": [6, 10, 10, 14], "texture": "#0"},
				"east": {"uv": [6, 8, 13, 11], "texture": "#0"},
				"south": {"uv": [6, 10, 10, 14], "texture": "#0"},
				"west": {"uv": [6, 8, 13, 11], "texture": "#0"},
				"up": {"uv": [2, 12, 10, 16], "rotation": 270, "texture": "#0"},
				"down": {"uv": [4, 11, 11, 16], "rotation": 90, "texture": "#0"}
			}
		}
	]
}
