{
	"credit": "Made with Blockbench",
	"textures": {
		"0": "block/pointed_dripstone_up_base",
		"particle": "block/pointed_dripstone_up_base"
	},
	"elements": [
		{
			"from": [0, 0, 0],
			"to": [16, 4, 16],
			"faces": {
				"north": {"uv": [0, 12, 16, 16], "texture": "#0"},
				"east": {"uv": [0, 12, 16, 16], "texture": "#0"},
				"south": {"uv": [0, 12, 16, 16], "texture": "#0"},
				"west": {"uv": [0, 12, 16, 16], "texture": "#0"},
				"up": {"uv": [1, 2, 15, 16], "texture": "#0"},
				"down": {"uv": [1, 2, 15, 16], "texture": "#0"}
			}
		},
		{
			"from": [1, 4, 1],
			"to": [15, 14, 15],
			"faces": {
				"north": {"uv": [1, 2, 15, 12], "texture": "#0"},
				"east": {"uv": [1, 2, 15, 12], "texture": "#0"},
				"south": {"uv": [1, 2, 15, 12], "texture": "#0"},
				"west": {"uv": [1, 2, 15, 12], "texture": "#0"},
				"up": {"uv": [1, 2, 15, 16], "texture": "#0"},
				"down": {"uv": [1, 2, 15, 16], "texture": "#0"}
			}
		},
		{
			"from": [2, 14, 2],
			"to": [14, 16, 14],
			"faces": {
				"north": {"uv": [2, 0, 14, 2], "texture": "#0"},
				"east": {"uv": [2, 0, 14, 2], "texture": "#0"},
				"south": {"uv": [2, 0, 14, 2], "texture": "#0"},
				"west": {"uv": [2, 0, 14, 2], "texture": "#0"},
				"up": {"uv": [3, 2, 15, 14], "texture": "#0"},
				"down": {"uv": [3, 2, 15, 14], "texture": "#0"}
			}
		},
		{
			"from": [14, 14, 8],
			"to": [15, 16, 10],
			"faces": {
				"north": {"uv": [8, 0, 9, 2], "texture": "#0"},
				"east": {"uv": [7, 4, 9, 6], "texture": "#0"},
				"south": {"uv": [5, 0, 6, 2], "texture": "#0"},
				"west": {"uv": [7, 4, 9, 6], "texture": "#0"},
				"up": {"uv": [7, 4, 8, 6], "texture": "#0"},
				"down": {"uv": [7, 4, 8, 6], "texture": "#0"}
			}
		},
		{
			"from": [1, 14, 6],
			"to": [2, 16, 8],
			"rotation": {"angle": 0, "axis": "y", "origin": [11.75, 15, 5.25]},
			"faces": {
				"north": {"uv": [5, 0, 6, 2], "texture": "#0"},
				"east": {"uv": [7, 4, 9, 6], "texture": "#0"},
				"south": {"uv": [8, 0, 9, 2], "texture": "#0"},
				"west": {"uv": [7, 4, 9, 6], "texture": "#0"},
				"up": {"uv": [7, 4, 8, 6], "rotation": 180, "texture": "#0"},
				"down": {"uv": [7, 4, 8, 6], "rotation": 180, "texture": "#0"}
			}
		},
		{
			"from": [8, 14, 1],
			"to": [10, 16, 2],
			"rotation": {"angle": 0, "axis": "y", "origin": [14.5, 15, 9]},
			"faces": {
				"north": {"uv": [7, 4, 9, 6], "texture": "#0"},
				"east": {"uv": [5, 0, 6, 2], "texture": "#0"},
				"south": {"uv": [7, 4, 9, 6], "texture": "#0"},
				"west": {"uv": [8, 0, 9, 2], "texture": "#0"},
				"up": {"uv": [7, 4, 8, 6], "rotation": 270, "texture": "#0"},
				"down": {"uv": [7, 4, 8, 6], "rotation": 90, "texture": "#0"}
			}
		},
		{
			"from": [6, 14, 14],
			"to": [8, 16, 15],
			"rotation": {"angle": 0, "axis": "y", "origin": [11.75, 15, 5.25]},
			"faces": {
				"north": {"uv": [7, 4, 9, 6], "texture": "#0"},
				"east": {"uv": [8, 0, 9, 2], "texture": "#0"},
				"south": {"uv": [7, 4, 9, 6], "texture": "#0"},
				"west": {"uv": [5, 0, 6, 2], "texture": "#0"},
				"up": {"uv": [7, 4, 8, 6], "rotation": 90, "texture": "#0"},
				"down": {"uv": [7, 4, 8, 6], "rotation": 270, "texture": "#0"}
			}
		}
	]
}