{
	"credit": "Made with Blockbench",
	"ambientocclusion": false,
	"textures": {
		"particle": "#top"
	},
	"elements": [
		{
			"from": [0, 13, 0],
			"to": [3, 16, 16],
			"faces": {
				"north": {"uv": [3, 0, 0, 3], "texture": "#top", "cullface": "north"},
				"east": {"uv": [0, 0, 16, 3], "texture": "#top"},
				"south": {"uv": [0, 0, 3, 3], "texture": "#top", "cullface": "south"},
				"west": {"uv": [16, 0, 0, 3], "texture": "#top", "cullface": "west"},
				"up": {"uv": [13, 0, 16, 16], "texture": "#bottom", "cullface": "up"}
			}
		},
		{
			"from": [0, 0, 0],
			"to": [3, 13, 3],
			"faces": {
				"north": {"uv": [13, 3, 16, 16], "texture": "#top"},
				"east": {"uv": [13, 3, 16, 16], "texture": "#top"},
				"west": {"uv": [0, 3, 3, 16], "texture": "#top"},
				"up": {"uv": [0, 0, 3, 3], "texture": "#top"}
			}
		},
		{
			"from": [0, 0, 13],
			"to": [3, 13, 16],
			"faces": {
				"east": {"uv": [0, 3, 3, 16], "texture": "#top"},
				"south": {"uv": [0, 3, 3, 16], "texture": "#top"},
				"west": {"uv": [13, 3, 16, 16], "texture": "#top"},
				"up": {"uv": [0, 0, 3, 3], "texture": "#top"}
			}
		}
	]
}