{
  "variants": {
    "facing=east,powered=false": {
      "model": "minecraft:block/lectern",
      "y": 90
    },
    "facing=north,powered=false": {
      "model": "minecraft:block/lectern"
    },
    "facing=south,powered=false": {
      "model": "minecraft:block/lectern",
      "y": 180
    },
    "facing=west,powered=false": {
      "model": "minecraft:block/lectern",
      "y": 270
    },
	"facing=east,powered=true": {
      "model": "minecraft:block/lectern_powered",
      "y": 90
    },
    "facing=north,powered=true": {
      "model": "minecraft:block/lectern_powered"
    },
    "facing=south,powered=true": {
      "model": "minecraft:block/lectern_powered",
      "y": 180
    },
    "facing=west,powered=true": {
      "model": "minecraft:block/lectern_powered",
      "y": 270
    }
  }
}