{
	"multipart":[
		{
			"when":{
				"OR":[
					{"north":"none","east":"none","south":"none","west":"none"},
					{"north":"side|up","east":"side|up"},
					{"east":"side|up","south":"side|up"},
					{"south":"side|up","west":"side|up"},
					{"west":"side|up","north":"side|up"}
				]
			},
			"apply":{"model":"redstone/dot"}
		},
		{
			"when":{
				"OR":[
					{"north":"side|up","south":"side|up","east":"none","west":"none"},
					{"north":"side|up","east":"none","west":"none","south":"none"},
					{"south":"side|up","east":"none","west":"none","north":"none"}
				]
			},
			"apply":{"model":"redstone/line"}
		},
		{
			"when":{
				"OR":[
					{"east":"side|up","west":"side|up","north":"none","south":"none"},
					{"east":"side|up","north":"none","south":"none","west":"none"},
					{"west":"side|up","north":"none","south":"none","east":"none"}
				]
			},
			"apply":{"model":"redstone/line","y":90}
		},
		{
			"when":{"north":"side|up"},
			"apply":{"model":"redstone/cross"}
		},
		{
			"when":{"east":"side|up"},
			"apply":{"model":"redstone/cross","y":90}
		},
		{
			"when":{"south":"side|up"},
			"apply":{"model":"redstone/cross","y":180}
		},
		{
			"when":{"west":"side|up"},
			"apply":{"model":"redstone/cross","y":270}
		},
		{
			"when":{"south":"side|up","east":"none","west":"none"},
			"apply":{"model":"redstone/cross"}
		},
		{
			"when":{"west":"side|up","north":"none","south":"none"},
			"apply":{"model":"redstone/cross","y":90}
		},
		{
			"when":{"north":"side|up","east":"none","west":"none"},
			"apply":{"model":"redstone/cross","y":180}
		},
		{
			"when":{"east":"side|up","north":"none","south":"none"},
			"apply":{"model":"redstone/cross","y":270}
		},
		{
			"when":{"north":"up"},
			"apply":{"model":"redstone/up"}
		},
		{
			"when":{"east":"up"},
			"apply":{"model":"redstone/up","y":90}
		},
		{
			"when":{"south":"up"},
			"apply":{"model":"redstone/up","y":180}
		},
		{
			"when":{"west":"up"},
			"apply":{"model":"redstone/up","y":270}
		},
		{
			"when":{"power":"0"},
			"apply":{"model":"redstone/power/0"}
		},
		{
			"when":{"power":"1"},
			"apply":{"model":"redstone/power/1"}
		},
		{
			"when":{"power":"2"},
			"apply":{"model":"redstone/power/2"}
		},
		{
			"when":{"power":"3"},
			"apply":{"model":"redstone/power/3"}
		},
		{
			"when":{"power":"4"},
			"apply":{"model":"redstone/power/4"}
		},
		{
			"when":{"power":"5"},
			"apply":{"model":"redstone/power/5"}
		},
		{
			"when":{"power":"6"},
			"apply":{"model":"redstone/power/6"}
		},
		{
			"when":{"power":"7"},
			"apply":{"model":"redstone/power/7"}
		},
		{
			"when":{"power":"8"},
			"apply":{"model":"redstone/power/8"}
		},
		{
			"when":{"power":"9"},
			"apply":{"model":"redstone/power/9"}
		},
		{
			"when":{"power":"10"},
			"apply":{"model":"redstone/power/a"}
		},
		{
			"when":{"power":"11"},
			"apply":{"model":"redstone/power/b"}
		},
		{
			"when":{"power":"12"},
			"apply":{"model":"redstone/power/c"}
		},
		{
			"when":{"power":"13"},
			"apply":{"model":"redstone/power/d"}
		},
		{
			"when":{"power":"14"},
			"apply":{"model":"redstone/power/e"}
		},
		{
			"when":{"power":"15"},
			"apply":{"model":"redstone/power/f"}
		}
	]
}